"Peak_Label","Weighted_Mean_Theta","Error_Weighted_Mean_Theta"
"27.13","13.572423495349","0.00370518821620073"
"38.71","19.3294713868471","0.000273181732497721"
"42.99","21.4517547323088","0.0156097282770157"
"55.67","27.8740158904789","0.00159085681107323"
"69.83","34.9156520197867","0.00360221870281946"
"82.68","41.3320096007273","0.00148337753728972"
"95.01","47.579759793284","0.00216706932882703"
"108.23","8.80168277169039","0.119749278382998"
"122.06","60.752182460602","0.586704213589427"
