{
  "Probe 1": [
    32.248951315561605,
    27.908223700890275,
    45.8922083054343,
    43.72415241654662,
    54.266570899750064,
    56.95565315982539,
    66.63966363562623,
    75.68511826842233,
    84.33180678013751,
    84.52733464306321,
    101.41908350030221,
    101.7138012518692,
    110.25883630129717,
    110.67382029741107,
    119.6623826837458,
    120.12380869974659
  ],
  "Probe 2": [
    21.63065100600909,
    30.610786084436874,
    37.82638284423228,
    43.96911446134881,
    49.492231587059955,
    54.577167703531835,
    63.826760600675705,
    68.19989774395674,
    72.45359531302414,
    88.71725779647291,
    76.58586904914966,
    80.66312510522783,
    80.71311609520244,
    84.7068461150695,
    100.74940174415333,
    104.84132651228487,
    96.71437840571538
  ],
  "Probe 3": []
}