{
  "Probe 1": [
    27.861917308131588,
    32.199896586976635,
    45.93735019311325,
    54.30533363545786,
    56.90632088237872,
    66.60413498235353,
    75.65710584337282,
    73.39896716900145,
    84.32631096135452,
    90.68911132261067,
    101.41779079751346,
    108.00338382009463,
    110.29797278310059,
    119.65775374521701,
    110.64355407992976,
    120.11461802847393
  ],
  "Probe 2": [
    -10.802260199342086,
    29.788542764995746
  ],
  "Probe 3": [
    -12.05179866580599,
    94.84257955134956
  ]
}