"θ","sinθ","sc","sqrtsc","bcc","sqrtbcc","fcc","sqrtfcc"
13.565 ± 0.004,0.23455 ± 6.0e-5,(0, 0, 1),1.0,(0, 1, 1),1.41,(1, 1, 1),1.73
19.355 ± 0.0003,0.33142 ± 5.0e-6,(0, 1, 1),1.41,(0, 0, 2),2.0,(0, 0, 2),2.0
21.495 ± 0.016,0.36642 ± 0.00025,(1, 1, 1),1.73,(1, 1, 2),2.45,(0, 2, 2),2.83
27.835 ± 0.0016,0.466927 ± 2.5e-5,(0, 0, 2),2.0,(0, 2, 2),2.83,(1, 1, 3),3.32
34.915 ± 0.004,0.57236 ± 5.0e-5,(0, 1, 2),2.24,(0, 1, 3),3.16,(2, 2, 2),3.46
41.34 ± 0.0015,0.660526 ± 2.0e-5,(1, 1, 2),2.45,(2, 2, 2),3.46,(0, 0, 4),4.0
47.505 ± 0.0022,0.737336 ± 2.6e-5,(0, 2, 2),2.83,(1, 2, 3),3.74,(1, 3, 3),4.36
53.94 ± 0.006,0.8084 ± 6.0e-5,(0, 0, 3),3.0,(0, 0, 4),4.0,(0, 2, 4),4.47
60.8 ± 0.04,0.8729 ± 0.0003,(3, 0, 1),3.16,(4, 1, 1),4.24,(4, 2, 2),4.9
